<?xml version="1.0" encoding="UTF-8" standalone="no"?>
<!DOCTYPE preferences SYSTEM "http://java.sun.com/dtd/preferences.dtd">
<preferences EXTERNAL_XML_VERSION="1.0">
  <root type="user">
    <map/>
    <node name="prefs">
      <map>
        <entry key="uruchom wyśrodkowanie" value="false"/>
        <entry key="uruchom zmaksymalizowanie" value="false"/>
        <entry key="zapamiętaj pozycje" value="false"/>
        <entry key="zapamiętaj rozmiar" value="false"/>
        <entry key="zapamiętaj katalog przeglądania" value="false"/>
        <entry key="zapamiętaj otwarte pliki" value="false"/>
        <entry key="język intefejsu" value="Polski"/>
        <entry key="ukryj menu główne" value="false"/>
        <entry key="odpięty pasek narzędziowy" value="false"/>
        <entry key="zablokowany pasek narzędziowy" value="false"/>
        <entry key="tryb ciemny" value="false"/>
      </map>
    </node>
  </root>
</preferences>
